timestamp,impl,mode,workload,class,run,ok,exit_code,duration_ns,cpu_user_ns,cpu_system_ns,max_rss_kb,input_bytes,output_bytes,output_sha256,stderr_excerpt,error_class_hint
2026-03-05T05:26:08.633637419Z,schubfach,canonicalize,bad-literal,invalid,0,false,2,4973487,1019000,4078000,6880,9,0,e3b0c44298fc1c149afbf4c8996fb92427ae41e4649b934ca495991b7852b855,error: jcserr: INVALID_GRAMMAR at byte 5: invalid literal\n,unknown
2026-03-05T05:26:08.640928553Z,schubfach,canonicalize,bad-literal,invalid,1,false,2,7251980,861000,6888000,7040,9,0,e3b0c44298fc1c149afbf4c8996fb92427ae41e4649b934ca495991b7852b855,error: jcserr: INVALID_GRAMMAR at byte 5: invalid literal\n,unknown
2026-03-05T05:26:08.646422026Z,schubfach,canonicalize,bad-literal,invalid,2,false,2,5471219,964000,4823000,7040,9,0,e3b0c44298fc1c149afbf4c8996fb92427ae41e4649b934ca495991b7852b855,error: jcserr: INVALID_GRAMMAR at byte 5: invalid literal\n,unknown
2026-03-05T05:26:08.66092448Z,json-canon,canonicalize,bad-literal,invalid,0,false,2,6418078,1988000,4971000,7040,9,0,e3b0c44298fc1c149afbf4c8996fb92427ae41e4649b934ca495991b7852b855,error: jcserr: INVALID_GRAMMAR at byte 5: invalid literal\n,unknown
2026-03-05T05:26:08.668197776Z,json-canon,canonicalize,bad-literal,invalid,1,false,2,7249669,2178000,5446000,7040,9,0,e3b0c44298fc1c149afbf4c8996fb92427ae41e4649b934ca495991b7852b855,error: jcserr: INVALID_GRAMMAR at byte 5: invalid literal\n,unknown
2026-03-05T05:26:08.674460933Z,json-canon,canonicalize,bad-literal,invalid,2,false,2,6240898,2183000,4367000,7040,9,0,e3b0c44298fc1c149afbf4c8996fb92427ae41e4649b934ca495991b7852b855,error: jcserr: INVALID_GRAMMAR at byte 5: invalid literal\n,unknown
2026-03-05T05:26:08.682581497Z,schubfach,verify,bad-literal,invalid,0,false,2,2834956,0,2843000,7040,9,0,e3b0c44298fc1c149afbf4c8996fb92427ae41e4649b934ca495991b7852b855,error: jcserr: INVALID_GRAMMAR at byte 5: invalid literal\n,unknown
2026-03-05T05:26:08.685669856Z,schubfach,verify,bad-literal,invalid,1,false,2,3074622,0,3277000,7040,9,0,e3b0c44298fc1c149afbf4c8996fb92427ae41e4649b934ca495991b7852b855,error: jcserr: INVALID_GRAMMAR at byte 5: invalid literal\n,unknown
2026-03-05T05:26:08.68909305Z,schubfach,verify,bad-literal,invalid,2,false,2,3402665,917000,2753000,7040,9,0,e3b0c44298fc1c149afbf4c8996fb92427ae41e4649b934ca495991b7852b855,error: jcserr: INVALID_GRAMMAR at byte 5: invalid literal\n,unknown
2026-03-05T05:26:08.701630135Z,json-canon,verify,bad-literal,invalid,0,false,2,7620757,3602000,4503000,7040,9,0,e3b0c44298fc1c149afbf4c8996fb92427ae41e4649b934ca495991b7852b855,error: jcserr: INVALID_GRAMMAR at byte 5: invalid literal\n,unknown
2026-03-05T05:26:08.706718908Z,json-canon,verify,bad-literal,invalid,1,false,2,5068691,895000,4475000,7040,9,0,e3b0c44298fc1c149afbf4c8996fb92427ae41e4649b934ca495991b7852b855,error: jcserr: INVALID_GRAMMAR at byte 5: invalid literal\n,unknown
2026-03-05T05:26:08.713319392Z,json-canon,verify,bad-literal,invalid,2,false,2,6548288,1731000,5194000,7040,9,0,e3b0c44298fc1c149afbf4c8996fb92427ae41e4649b934ca495991b7852b855,error: jcserr: INVALID_GRAMMAR at byte 5: invalid literal\n,unknown
2026-03-05T05:26:08.726896496Z,schubfach,canonicalize,bad-number,invalid,0,false,2,7492592,0,7919000,7040,8,0,e3b0c44298fc1c149afbf4c8996fb92427ae41e4649b934ca495991b7852b855,error: jcserr: INVALID_GRAMMAR at byte 6: leading zero in number\n,unknown
2026-03-05T05:26:08.732372233Z,schubfach,canonicalize,bad-number,invalid,1,false,2,5435734,979000,4895000,7040,8,0,e3b0c44298fc1c149afbf4c8996fb92427ae41e4649b934ca495991b7852b855,error: jcserr: INVALID_GRAMMAR at byte 6: leading zero in number\n,unknown
2026-03-05T05:26:08.738530801Z,schubfach,canonicalize,bad-number,invalid,2,false,2,6137293,900000,5400000,7040,8,0,e3b0c44298fc1c149afbf4c8996fb92427ae41e4649b934ca495991b7852b855,error: jcserr: INVALID_GRAMMAR at byte 6: leading zero in number\n,unknown
2026-03-05T05:26:08.752896205Z,json-canon,canonicalize,bad-number,invalid,0,false,2,6130344,1968000,4592000,7040,8,0,e3b0c44298fc1c149afbf4c8996fb92427ae41e4649b934ca495991b7852b855,error: jcserr: INVALID_GRAMMAR at byte 6: leading zero in number\n,unknown
2026-03-05T05:26:08.759037512Z,json-canon,canonicalize,bad-number,invalid,1,false,2,6120463,1821000,4552000,7040,8,0,e3b0c44298fc1c149afbf4c8996fb92427ae41e4649b934ca495991b7852b855,error: jcserr: INVALID_GRAMMAR at byte 6: leading zero in number\n,unknown
2026-03-05T05:26:08.764888966Z,json-canon,canonicalize,bad-number,invalid,2,false,2,5832619,1579000,4738000,7040,8,0,e3b0c44298fc1c149afbf4c8996fb92427ae41e4649b934ca495991b7852b855,error: jcserr: INVALID_GRAMMAR at byte 6: leading zero in number\n,unknown
2026-03-05T05:26:08.776353495Z,schubfach,verify,bad-number,invalid,0,false,2,5448378,1676000,4190000,7040,8,0,e3b0c44298fc1c149afbf4c8996fb92427ae41e4649b934ca495991b7852b855,error: jcserr: INVALID_GRAMMAR at byte 6: leading zero in number\n,unknown
2026-03-05T05:26:08.782980267Z,schubfach,verify,bad-number,invalid,1,false,2,6606178,0,6769000,7040,8,0,e3b0c44298fc1c149afbf4c8996fb92427ae41e4649b934ca495991b7852b855,error: jcserr: INVALID_GRAMMAR at byte 6: leading zero in number\n,unknown
2026-03-05T05:26:08.790199698Z,schubfach,verify,bad-number,invalid,2,false,2,7175185,1075000,6453000,7040,8,0,e3b0c44298fc1c149afbf4c8996fb92427ae41e4649b934ca495991b7852b855,error: jcserr: INVALID_GRAMMAR at byte 6: leading zero in number\n,unknown
2026-03-05T05:26:08.806334864Z,json-canon,verify,bad-number,invalid,0,false,2,8236279,0,8840000,7040,8,0,e3b0c44298fc1c149afbf4c8996fb92427ae41e4649b934ca495991b7852b855,error: jcserr: INVALID_GRAMMAR at byte 6: leading zero in number\n,unknown
2026-03-05T05:26:08.812804257Z,json-canon,verify,bad-number,invalid,1,false,2,6448755,2580000,4300000,7040,8,0,e3b0c44298fc1c149afbf4c8996fb92427ae41e4649b934ca495991b7852b855,error: jcserr: INVALID_GRAMMAR at byte 6: leading zero in number\n,unknown
2026-03-05T05:26:08.820061461Z,json-canon,verify,bad-number,invalid,2,false,2,7229008,2219000,5549000,7040,8,0,e3b0c44298fc1c149afbf4c8996fb92427ae41e4649b934ca495991b7852b855,error: jcserr: INVALID_GRAMMAR at byte 6: leading zero in number\n,unknown
2026-03-05T05:26:08.832206678Z,schubfach,canonicalize,single-quote,invalid,0,false,2,5794730,2460000,3690000,7040,7,0,e3b0c44298fc1c149afbf4c8996fb92427ae41e4649b934ca495991b7852b855,"error: jcserr: INVALID_GRAMMAR at byte 2: expected ""\"""", got ""'""\n",unknown
2026-03-05T05:26:08.837655253Z,schubfach,canonicalize,single-quote,invalid,1,false,2,5432876,0,5876000,7040,7,0,e3b0c44298fc1c149afbf4c8996fb92427ae41e4649b934ca495991b7852b855,"error: jcserr: INVALID_GRAMMAR at byte 2: expected ""\"""", got ""'""\n",unknown
2026-03-05T05:26:08.843224997Z,schubfach,canonicalize,single-quote,invalid,2,false,2,5562178,1196000,4786000,7200,7,0,e3b0c44298fc1c149afbf4c8996fb92427ae41e4649b934ca495991b7852b855,"error: jcserr: INVALID_GRAMMAR at byte 2: expected ""\"""", got ""'""\n",unknown
2026-03-05T05:26:08.856586574Z,json-canon,canonicalize,single-quote,invalid,0,false,2,7033339,0,7501000,7200,7,0,e3b0c44298fc1c149afbf4c8996fb92427ae41e4649b934ca495991b7852b855,"error: jcserr: INVALID_GRAMMAR at byte 2: expected ""\"""", got ""'""\n",unknown
2026-03-05T05:26:08.863812521Z,json-canon,canonicalize,single-quote,invalid,1,false,2,7218106,709000,7093000,7200,7,0,e3b0c44298fc1c149afbf4c8996fb92427ae41e4649b934ca495991b7852b855,"error: jcserr: INVALID_GRAMMAR at byte 2: expected ""\"""", got ""'""\n",unknown
2026-03-05T05:26:08.869920978Z,json-canon,canonicalize,single-quote,invalid,2,false,2,6101690,2848000,3797000,7200,7,0,e3b0c44298fc1c149afbf4c8996fb92427ae41e4649b934ca495991b7852b855,"error: jcserr: INVALID_GRAMMAR at byte 2: expected ""\"""", got ""'""\n",unknown
2026-03-05T05:26:08.878202332Z,schubfach,verify,single-quote,invalid,0,false,2,3247582,2386000,1591000,7200,7,0,e3b0c44298fc1c149afbf4c8996fb92427ae41e4649b934ca495991b7852b855,"error: jcserr: INVALID_GRAMMAR at byte 2: expected ""\"""", got ""'""\n",unknown
2026-03-05T05:26:08.88435638Z,schubfach,verify,single-quote,invalid,1,false,2,6135069,0,6507000,7200,7,0,e3b0c44298fc1c149afbf4c8996fb92427ae41e4649b934ca495991b7852b855,"error: jcserr: INVALID_GRAMMAR at byte 2: expected ""\"""", got ""'""\n",unknown
2026-03-05T05:26:08.890085853Z,schubfach,verify,single-quote,invalid,2,false,2,5711340,2626000,3502000,7200,7,0,e3b0c44298fc1c149afbf4c8996fb92427ae41e4649b934ca495991b7852b855,"error: jcserr: INVALID_GRAMMAR at byte 2: expected ""\"""", got ""'""\n",unknown
2026-03-05T05:26:08.902571045Z,json-canon,verify,single-quote,invalid,0,false,2,6077457,1077000,5388000,7200,7,0,e3b0c44298fc1c149afbf4c8996fb92427ae41e4649b934ca495991b7852b855,"error: jcserr: INVALID_GRAMMAR at byte 2: expected ""\"""", got ""'""\n",unknown
2026-03-05T05:26:08.909133895Z,json-canon,verify,single-quote,invalid,1,false,2,6547178,887000,6214000,7200,7,0,e3b0c44298fc1c149afbf4c8996fb92427ae41e4649b934ca495991b7852b855,"error: jcserr: INVALID_GRAMMAR at byte 2: expected ""\"""", got ""'""\n",unknown
2026-03-05T05:26:08.915468421Z,json-canon,verify,single-quote,invalid,2,false,2,6322837,0,6882000,7200,7,0,e3b0c44298fc1c149afbf4c8996fb92427ae41e4649b934ca495991b7852b855,"error: jcserr: INVALID_GRAMMAR at byte 2: expected ""\"""", got ""'""\n",unknown
2026-03-05T05:26:08.928643304Z,schubfach,canonicalize,trailing-comma,invalid,0,false,2,5619724,867000,5205000,7200,8,0,e3b0c44298fc1c149afbf4c8996fb92427ae41e4649b934ca495991b7852b855,"error: jcserr: INVALID_GRAMMAR at byte 8: expected ""\"""", got ""}""\n",unknown
2026-03-05T05:26:08.934279404Z,schubfach,canonicalize,trailing-comma,invalid,1,false,2,5624223,1013000,5068000,7200,8,0,e3b0c44298fc1c149afbf4c8996fb92427ae41e4649b934ca495991b7852b855,"error: jcserr: INVALID_GRAMMAR at byte 8: expected ""\"""", got ""}""\n",unknown
2026-03-05T05:26:08.940229235Z,schubfach,canonicalize,trailing-comma,invalid,2,false,2,5934003,0,6312000,7200,8,0,e3b0c44298fc1c149afbf4c8996fb92427ae41e4649b934ca495991b7852b855,"error: jcserr: INVALID_GRAMMAR at byte 8: expected ""\"""", got ""}""\n",unknown
2026-03-05T05:26:08.954261101Z,json-canon,canonicalize,trailing-comma,invalid,0,false,2,6782313,2391000,4782000,7200,8,0,e3b0c44298fc1c149afbf4c8996fb92427ae41e4649b934ca495991b7852b855,"error: jcserr: INVALID_GRAMMAR at byte 8: expected ""\"""", got ""}""\n",unknown
2026-03-05T05:26:08.960558297Z,json-canon,canonicalize,trailing-comma,invalid,1,false,2,6277393,974000,5849000,7200,8,0,e3b0c44298fc1c149afbf4c8996fb92427ae41e4649b934ca495991b7852b855,"error: jcserr: INVALID_GRAMMAR at byte 8: expected ""\"""", got ""}""\n",unknown
2026-03-05T05:26:08.966538489Z,json-canon,canonicalize,trailing-comma,invalid,2,false,2,5957140,2432000,4053000,7200,8,0,e3b0c44298fc1c149afbf4c8996fb92427ae41e4649b934ca495991b7852b855,"error: jcserr: INVALID_GRAMMAR at byte 8: expected ""\"""", got ""}""\n",unknown
2026-03-05T05:26:08.978459131Z,schubfach,verify,trailing-comma,invalid,0,false,2,5979422,1271000,5085000,7200,8,0,e3b0c44298fc1c149afbf4c8996fb92427ae41e4649b934ca495991b7852b855,"error: jcserr: INVALID_GRAMMAR at byte 8: expected ""\"""", got ""}""\n",unknown
2026-03-05T05:26:08.984819075Z,schubfach,verify,trailing-comma,invalid,1,false,2,6341505,2518000,4197000,7200,8,0,e3b0c44298fc1c149afbf4c8996fb92427ae41e4649b934ca495991b7852b855,"error: jcserr: INVALID_GRAMMAR at byte 8: expected ""\"""", got ""}""\n",unknown
2026-03-05T05:26:08.990354094Z,schubfach,verify,trailing-comma,invalid,2,false,2,5523803,856000,5139000,7200,8,0,e3b0c44298fc1c149afbf4c8996fb92427ae41e4649b934ca495991b7852b855,"error: jcserr: INVALID_GRAMMAR at byte 8: expected ""\"""", got ""}""\n",unknown
2026-03-05T05:26:09.003706118Z,json-canon,verify,trailing-comma,invalid,0,false,2,7327664,1106000,6640000,7200,8,0,e3b0c44298fc1c149afbf4c8996fb92427ae41e4649b934ca495991b7852b855,"error: jcserr: INVALID_GRAMMAR at byte 8: expected ""\"""", got ""}""\n",unknown
2026-03-05T05:26:09.010571609Z,json-canon,verify,trailing-comma,invalid,1,false,2,6847793,3106000,4142000,7200,8,0,e3b0c44298fc1c149afbf4c8996fb92427ae41e4649b934ca495991b7852b855,"error: jcserr: INVALID_GRAMMAR at byte 8: expected ""\"""", got ""}""\n",unknown
2026-03-05T05:26:09.016648221Z,json-canon,verify,trailing-comma,invalid,2,false,2,6047790,828000,5797000,7200,8,0,e3b0c44298fc1c149afbf4c8996fb92427ae41e4649b934ca495991b7852b855,"error: jcserr: INVALID_GRAMMAR at byte 8: expected ""\"""", got ""}""\n",unknown
2026-03-05T05:26:09.028955333Z,schubfach,canonicalize,truncated,invalid,0,false,2,5804329,2052000,4104000,7200,12,0,e3b0c44298fc1c149afbf4c8996fb92427ae41e4649b934ca495991b7852b855,"error: jcserr: INVALID_GRAMMAR at byte 11: expected ',' or ']' in array, got ""}""\n",unknown
2026-03-05T05:26:09.03564052Z,schubfach,canonicalize,truncated,invalid,1,false,2,6662856,1044000,6264000,7200,12,0,e3b0c44298fc1c149afbf4c8996fb92427ae41e4649b934ca495991b7852b855,"error: jcserr: INVALID_GRAMMAR at byte 11: expected ',' or ']' in array, got ""}""\n",unknown
2026-03-05T05:26:09.041190002Z,schubfach,canonicalize,truncated,invalid,2,false,2,5521516,2997000,2997000,7200,12,0,e3b0c44298fc1c149afbf4c8996fb92427ae41e4649b934ca495991b7852b855,"error: jcserr: INVALID_GRAMMAR at byte 11: expected ',' or ']' in array, got ""}""\n",unknown
2026-03-05T05:26:09.05499646Z,json-canon,canonicalize,truncated,invalid,0,false,2,6918974,1041000,6249000,7200,12,0,e3b0c44298fc1c149afbf4c8996fb92427ae41e4649b934ca495991b7852b855,"error: jcserr: INVALID_GRAMMAR at byte 11: expected ',' or ']' in array, got ""}""\n",unknown
2026-03-05T05:26:09.061320075Z,json-canon,canonicalize,truncated,invalid,1,false,2,6304620,2245000,4491000,7200,12,0,e3b0c44298fc1c149afbf4c8996fb92427ae41e4649b934ca495991b7852b855,"error: jcserr: INVALID_GRAMMAR at byte 11: expected ',' or ']' in array, got ""}""\n",unknown
2026-03-05T05:26:09.068988272Z,json-canon,canonicalize,truncated,invalid,2,false,2,7651011,1018000,7128000,7200,12,0,e3b0c44298fc1c149afbf4c8996fb92427ae41e4649b934ca495991b7852b855,"error: jcserr: INVALID_GRAMMAR at byte 11: expected ',' or ']' in array, got ""}""\n",unknown
2026-03-05T05:26:09.080249892Z,schubfach,verify,truncated,invalid,0,false,2,5566855,1200000,4802000,7200,12,0,e3b0c44298fc1c149afbf4c8996fb92427ae41e4649b934ca495991b7852b855,"error: jcserr: INVALID_GRAMMAR at byte 11: expected ',' or ']' in array, got ""}""\n",unknown
2026-03-05T05:26:09.085691496Z,schubfach,verify,truncated,invalid,1,false,2,5376082,0,5578000,7200,12,0,e3b0c44298fc1c149afbf4c8996fb92427ae41e4649b934ca495991b7852b855,"error: jcserr: INVALID_GRAMMAR at byte 11: expected ',' or ']' in array, got ""}""\n",unknown
2026-03-05T05:26:09.093359158Z,schubfach,verify,truncated,invalid,2,false,2,7649678,1008000,7060000,7200,12,0,e3b0c44298fc1c149afbf4c8996fb92427ae41e4649b934ca495991b7852b855,"error: jcserr: INVALID_GRAMMAR at byte 11: expected ',' or ']' in array, got ""}""\n",unknown
2026-03-05T05:26:09.105641735Z,json-canon,verify,truncated,invalid,0,false,2,6087481,0,6507000,7200,12,0,e3b0c44298fc1c149afbf4c8996fb92427ae41e4649b934ca495991b7852b855,"error: jcserr: INVALID_GRAMMAR at byte 11: expected ',' or ']' in array, got ""}""\n",unknown
2026-03-05T05:26:09.113640533Z,json-canon,verify,truncated,invalid,1,false,2,7978649,3422000,5133000,7200,12,0,e3b0c44298fc1c149afbf4c8996fb92427ae41e4649b934ca495991b7852b855,"error: jcserr: INVALID_GRAMMAR at byte 11: expected ',' or ']' in array, got ""}""\n",unknown
2026-03-05T05:26:09.119823861Z,json-canon,verify,truncated,invalid,2,false,2,6168124,1924000,4812000,7200,12,0,e3b0c44298fc1c149afbf4c8996fb92427ae41e4649b934ca495991b7852b855,"error: jcserr: INVALID_GRAMMAR at byte 11: expected ',' or ']' in array, got ""}""\n",unknown
2026-03-05T05:26:09.1330569Z,schubfach,canonicalize,deep,valid,0,true,0,6511374,1756000,5270000,7200,1158,1158,b0949a136979d1f1147ee35e40776d11858f8d74d7117b3c75a4c154b96762a7,,unknown
2026-03-05T05:26:09.13928943Z,schubfach,canonicalize,deep,valid,1,true,0,6217842,953000,5719000,7200,1158,1158,b0949a136979d1f1147ee35e40776d11858f8d74d7117b3c75a4c154b96762a7,,unknown
2026-03-05T05:26:09.14578311Z,schubfach,canonicalize,deep,valid,2,true,0,6476029,1138000,5690000,7200,1158,1158,b0949a136979d1f1147ee35e40776d11858f8d74d7117b3c75a4c154b96762a7,,unknown
2026-03-05T05:26:09.160362498Z,json-canon,canonicalize,deep,valid,0,true,0,7735482,3086000,5143000,7200,1158,1158,b0949a136979d1f1147ee35e40776d11858f8d74d7117b3c75a4c154b96762a7,,unknown
2026-03-05T05:26:09.167693395Z,json-canon,canonicalize,deep,valid,1,true,0,7316273,852000,6817000,7200,1158,1158,b0949a136979d1f1147ee35e40776d11858f8d74d7117b3c75a4c154b96762a7,,unknown
2026-03-05T05:26:09.174991411Z,json-canon,canonicalize,deep,valid,2,true,0,7281520,672000,7397000,7200,1158,1158,b0949a136979d1f1147ee35e40776d11858f8d74d7117b3c75a4c154b96762a7,,unknown
2026-03-05T05:26:09.188341392Z,schubfach,verify,deep,valid,0,true,0,6294519,1956000,4891000,7200,1158,0,e3b0c44298fc1c149afbf4c8996fb92427ae41e4649b934ca495991b7852b855,ok\n,unknown
2026-03-05T05:26:09.194583652Z,schubfach,verify,deep,valid,1,true,0,6231627,1111000,5555000,7200,1158,0,e3b0c44298fc1c149afbf4c8996fb92427ae41e4649b934ca495991b7852b855,ok\n,unknown
2026-03-05T05:26:09.201519003Z,schubfach,verify,deep,valid,2,true,0,6928259,0,7343000,7200,1158,0,e3b0c44298fc1c149afbf4c8996fb92427ae41e4649b934ca495991b7852b855,ok\n,unknown
2026-03-05T05:26:09.21596412Z,json-canon,verify,deep,valid,0,true,0,6411592,1154000,5771000,7200,1158,0,e3b0c44298fc1c149afbf4c8996fb92427ae41e4649b934ca495991b7852b855,ok\n,unknown
2026-03-05T05:26:09.223285271Z,json-canon,verify,deep,valid,1,true,0,7306725,2228000,5571000,7200,1158,0,e3b0c44298fc1c149afbf4c8996fb92427ae41e4649b934ca495991b7852b855,ok\n,unknown
2026-03-05T05:26:09.230070551Z,json-canon,verify,deep,valid,2,true,0,6773201,3652000,3652000,7200,1158,0,e3b0c44298fc1c149afbf4c8996fb92427ae41e4649b934ca495991b7852b855,ok\n,unknown
2026-03-05T05:26:09.376074311Z,schubfach,canonicalize,large,valid,0,true,0,70344343,108359000,34639000,11680,463537,462622,dc51456d9aa81db938e5c20b3de79df53f2363f3542bca0e108cb25c55071823,,unknown
2026-03-05T05:26:09.431488057Z,schubfach,canonicalize,large,valid,1,true,0,54694178,83676000,21734000,12000,463537,462622,dc51456d9aa81db938e5c20b3de79df53f2363f3542bca0e108cb25c55071823,,unknown
2026-03-05T05:26:09.5067312Z,schubfach,canonicalize,large,valid,2,true,0,74431964,101837000,37973000,11520,463537,462622,dc51456d9aa81db938e5c20b3de79df53f2363f3542bca0e108cb25c55071823,,unknown
2026-03-05T05:26:09.598043402Z,json-canon,canonicalize,large,valid,0,true,0,32005529,40869000,9536000,12960,463537,462622,dc51456d9aa81db938e5c20b3de79df53f2363f3542bca0e108cb25c55071823,,unknown
2026-03-05T05:26:09.64606249Z,json-canon,canonicalize,large,valid,1,true,0,47538562,50819000,19994000,12640,463537,462622,dc51456d9aa81db938e5c20b3de79df53f2363f3542bca0e108cb25c55071823,,unknown
2026-03-05T05:26:09.68762936Z,json-canon,canonicalize,large,valid,2,true,0,41231321,57850000,10027000,12320,463537,462622,dc51456d9aa81db938e5c20b3de79df53f2363f3542bca0e108cb25c55071823,,unknown
2026-03-05T05:26:09.751111959Z,schubfach,verify,large,valid,0,false,2,31493036,55702000,10711000,12160,463537,0,e3b0c44298fc1c149afbf4c8996fb92427ae41e4649b934ca495991b7852b855,error: jcserr: NOT_CANONICAL: input is not canonical\n,noncanonical
2026-03-05T05:26:09.771427141Z,schubfach,verify,large,valid,1,false,2,20303320,33540000,5590000,12480,463537,0,e3b0c44298fc1c149afbf4c8996fb92427ae41e4649b934ca495991b7852b855,error: jcserr: NOT_CANONICAL: input is not canonical\n,noncanonical
2026-03-05T05:26:09.787171861Z,schubfach,verify,large,valid,2,false,2,15733930,18952000,13783000,12960,463537,0,e3b0c44298fc1c149afbf4c8996fb92427ae41e4649b934ca495991b7852b855,error: jcserr: NOT_CANONICAL: input is not canonical\n,noncanonical
2026-03-05T05:26:09.868875022Z,json-canon,verify,large,valid,0,false,2,52722959,78722000,7409000,13440,463537,0,e3b0c44298fc1c149afbf4c8996fb92427ae41e4649b934ca495991b7852b855,error: jcserr: NOT_CANONICAL: input is not canonical\n,noncanonical
2026-03-05T05:26:09.926480406Z,json-canon,verify,large,valid,1,false,2,57593272,84363000,11191000,13440,463537,0,e3b0c44298fc1c149afbf4c8996fb92427ae41e4649b934ca495991b7852b855,error: jcserr: NOT_CANONICAL: input is not canonical\n,noncanonical
2026-03-05T05:26:09.981150851Z,json-canon,verify,large,valid,2,false,2,54655903,85565000,12880000,14080,463537,0,e3b0c44298fc1c149afbf4c8996fb92427ae41e4649b934ca495991b7852b855,error: jcserr: NOT_CANONICAL: input is not canonical\n,noncanonical
2026-03-05T05:26:09.986773558Z,schubfach,canonicalize,medium,valid,0,true,0,2686085,921000,1842000,8060,13740,13703,6aa7917f728baffc00afec844b7ba3333d281f0c746756fe4641692ebb8143c1,,unknown
2026-03-05T05:26:09.989769608Z,schubfach,canonicalize,medium,valid,1,true,0,2983982,2074000,1037000,8060,13740,13703,6aa7917f728baffc00afec844b7ba3333d281f0c746756fe4641692ebb8143c1,,unknown
2026-03-05T05:26:09.993784439Z,schubfach,canonicalize,medium,valid,2,true,0,3999360,2110000,2110000,8060,13740,13703,6aa7917f728baffc00afec844b7ba3333d281f0c746756fe4641692ebb8143c1,,unknown
2026-03-05T05:26:10.004211145Z,json-canon,canonicalize,medium,valid,0,true,0,4881497,1720000,3441000,8060,13740,13703,6aa7917f728baffc00afec844b7ba3333d281f0c746756fe4641692ebb8143c1,,unknown
2026-03-05T05:26:10.011095943Z,json-canon,canonicalize,medium,valid,1,true,0,6861258,1804000,5414000,8060,13740,13703,6aa7917f728baffc00afec844b7ba3333d281f0c746756fe4641692ebb8143c1,,unknown
2026-03-05T05:26:10.019722648Z,json-canon,canonicalize,medium,valid,2,true,0,8598789,3701000,5551000,8060,13740,13703,6aa7917f728baffc00afec844b7ba3333d281f0c746756fe4641692ebb8143c1,,unknown
2026-03-05T05:26:10.030692383Z,schubfach,verify,medium,valid,0,false,2,5815787,2642000,3522000,8060,13740,0,e3b0c44298fc1c149afbf4c8996fb92427ae41e4649b934ca495991b7852b855,error: jcserr: NOT_CANONICAL: input is not canonical\n,noncanonical
2026-03-05T05:26:10.039774187Z,schubfach,verify,medium,valid,1,false,2,9061574,975000,8782000,8060,13740,0,e3b0c44298fc1c149afbf4c8996fb92427ae41e4649b934ca495991b7852b855,error: jcserr: NOT_CANONICAL: input is not canonical\n,noncanonical
2026-03-05T05:26:10.047614287Z,schubfach,verify,medium,valid,2,false,2,7819470,1875000,6565000,8060,13740,0,e3b0c44298fc1c149afbf4c8996fb92427ae41e4649b934ca495991b7852b855,error: jcserr: NOT_CANONICAL: input is not canonical\n,noncanonical
2026-03-05T05:26:10.06568813Z,json-canon,verify,medium,valid,0,false,2,8258635,3976000,4970000,8060,13740,0,e3b0c44298fc1c149afbf4c8996fb92427ae41e4649b934ca495991b7852b855,error: jcserr: NOT_CANONICAL: input is not canonical\n,noncanonical
2026-03-05T05:26:10.075212949Z,json-canon,verify,medium,valid,1,false,2,9511758,3136000,7317000,8060,13740,0,e3b0c44298fc1c149afbf4c8996fb92427ae41e4649b934ca495991b7852b855,error: jcserr: NOT_CANONICAL: input is not canonical\n,noncanonical
2026-03-05T05:26:10.085421037Z,json-canon,verify,medium,valid,2,false,2,10189515,3188000,7439000,8060,13740,0,e3b0c44298fc1c149afbf4c8996fb92427ae41e4649b934ca495991b7852b855,error: jcserr: NOT_CANONICAL: input is not canonical\n,noncanonical
2026-03-05T05:26:10.099342582Z,schubfach,canonicalize,mixed-prod,valid,0,true,0,6776568,1050000,6301000,8060,5653,5626,2c5a0b7d8dc7ef856de6d7cd6b05114aa8feb98e88f74ddd4a410188cd5f1f8b,,unknown
2026-03-05T05:26:10.10645041Z,schubfach,canonicalize,mixed-prod,valid,1,true,0,7096430,1067000,6406000,8060,5653,5626,2c5a0b7d8dc7ef856de6d7cd6b05114aa8feb98e88f74ddd4a410188cd5f1f8b,,unknown
2026-03-05T05:26:10.112591491Z,schubfach,canonicalize,mixed-prod,valid,2,true,0,6122862,873000,6116000,8060,5653,5626,2c5a0b7d8dc7ef856de6d7cd6b05114aa8feb98e88f74ddd4a410188cd5f1f8b,,unknown
2026-03-05T05:26:10.127953925Z,json-canon,canonicalize,mixed-prod,valid,0,true,0,7731947,770000,7701000,8060,5653,5626,2c5a0b7d8dc7ef856de6d7cd6b05114aa8feb98e88f74ddd4a410188cd5f1f8b,,unknown
2026-03-05T05:26:10.134058834Z,json-canon,canonicalize,mixed-prod,valid,1,true,0,6081376,2435000,4058000,8060,5653,5626,2c5a0b7d8dc7ef856de6d7cd6b05114aa8feb98e88f74ddd4a410188cd5f1f8b,,unknown
2026-03-05T05:26:10.14151816Z,json-canon,canonicalize,mixed-prod,valid,2,true,0,7431485,877000,7020000,8152,5653,5626,2c5a0b7d8dc7ef856de6d7cd6b05114aa8feb98e88f74ddd4a410188cd5f1f8b,,unknown
2026-03-05T05:26:10.158218712Z,schubfach,verify,mixed-prod,valid,0,false,2,7226865,3344000,4458000,8152,5653,0,e3b0c44298fc1c149afbf4c8996fb92427ae41e4649b934ca495991b7852b855,error: jcserr: NOT_CANONICAL: input is not canonical\n,noncanonical
2026-03-05T05:26:10.16530208Z,schubfach,verify,mixed-prod,valid,1,false,2,7062744,3261000,4348000,8152,5653,0,e3b0c44298fc1c149afbf4c8996fb92427ae41e4649b934ca495991b7852b855,error: jcserr: NOT_CANONICAL: input is not canonical\n,noncanonical
2026-03-05T05:26:10.175107058Z,schubfach,verify,mixed-prod,valid,2,false,2,9784196,2329000,8154000,8152,5653,0,e3b0c44298fc1c149afbf4c8996fb92427ae41e4649b934ca495991b7852b855,error: jcserr: NOT_CANONICAL: input is not canonical\n,noncanonical
2026-03-05T05:26:10.192636508Z,json-canon,verify,mixed-prod,valid,0,false,2,9480706,2024000,8099000,8152,5653,0,e3b0c44298fc1c149afbf4c8996fb92427ae41e4649b934ca495991b7852b855,error: jcserr: NOT_CANONICAL: input is not canonical\n,noncanonical
2026-03-05T05:26:10.200282502Z,json-canon,verify,mixed-prod,valid,1,false,2,7622616,4128000,4128000,8152,5653,0,e3b0c44298fc1c149afbf4c8996fb92427ae41e4649b934ca495991b7852b855,error: jcserr: NOT_CANONICAL: input is not canonical\n,noncanonical
2026-03-05T05:26:10.210081857Z,json-canon,verify,mixed-prod,valid,2,false,2,9778682,2284000,7994000,8152,5653,0,e3b0c44298fc1c149afbf4c8996fb92427ae41e4649b934ca495991b7852b855,error: jcserr: NOT_CANONICAL: input is not canonical\n,noncanonical
2026-03-05T05:26:10.22256514Z,schubfach,canonicalize,number-heavy,valid,0,false,2,6152319,932000,5592000,8152,145,0,e3b0c44298fc1c149afbf4c8996fb92427ae41e4649b934ca495991b7852b855,error: jcserr: NUMBER_NEGZERO at byte 56: negative zero token is not allowed\n,unknown
2026-03-05T05:26:10.228517388Z,schubfach,canonicalize,number-heavy,valid,1,false,2,5927886,1060000,5302000,8152,145,0,e3b0c44298fc1c149afbf4c8996fb92427ae41e4649b934ca495991b7852b855,error: jcserr: NUMBER_NEGZERO at byte 56: negative zero token is not allowed\n,unknown
2026-03-05T05:26:10.235640678Z,schubfach,canonicalize,number-heavy,valid,2,false,2,7099933,1057000,6347000,8152,145,0,e3b0c44298fc1c149afbf4c8996fb92427ae41e4649b934ca495991b7852b855,error: jcserr: NUMBER_NEGZERO at byte 56: negative zero token is not allowed\n,unknown
2026-03-05T05:26:10.247295644Z,json-canon,canonicalize,number-heavy,valid,0,false,2,4194856,0,4556000,8152,145,0,e3b0c44298fc1c149afbf4c8996fb92427ae41e4649b934ca495991b7852b855,error: jcserr: NUMBER_NEGZERO at byte 56: negative zero token is not allowed\n,unknown
2026-03-05T05:26:10.254974243Z,json-canon,canonicalize,number-heavy,valid,1,false,2,7659182,1169000,7018000,8152,145,0,e3b0c44298fc1c149afbf4c8996fb92427ae41e4649b934ca495991b7852b855,error: jcserr: NUMBER_NEGZERO at byte 56: negative zero token is not allowed\n,unknown
2026-03-05T05:26:10.26073106Z,json-canon,canonicalize,number-heavy,valid,2,false,2,5743073,2071000,4142000,8152,145,0,e3b0c44298fc1c149afbf4c8996fb92427ae41e4649b934ca495991b7852b855,error: jcserr: NUMBER_NEGZERO at byte 56: negative zero token is not allowed\n,unknown
2026-03-05T05:26:10.272022475Z,schubfach,verify,number-heavy,valid,0,false,2,5868427,1034000,5174000,8152,145,0,e3b0c44298fc1c149afbf4c8996fb92427ae41e4649b934ca495991b7852b855,error: jcserr: NUMBER_NEGZERO at byte 56: negative zero token is not allowed\n,unknown
2026-03-05T05:26:10.277754554Z,schubfach,verify,number-heavy,valid,1,false,2,5703603,2029000,4059000,8152,145,0,e3b0c44298fc1c149afbf4c8996fb92427ae41e4649b934ca495991b7852b855,error: jcserr: NUMBER_NEGZERO at byte 56: negative zero token is not allowed\n,unknown
2026-03-05T05:26:10.284034662Z,schubfach,verify,number-heavy,valid,2,false,2,6265818,0,6686000,8152,145,0,e3b0c44298fc1c149afbf4c8996fb92427ae41e4649b934ca495991b7852b855,error: jcserr: NUMBER_NEGZERO at byte 56: negative zero token is not allowed\n,unknown
2026-03-05T05:26:10.297593379Z,json-canon,verify,number-heavy,valid,0,false,2,6638521,1030000,6184000,8152,145,0,e3b0c44298fc1c149afbf4c8996fb92427ae41e4649b934ca495991b7852b855,error: jcserr: NUMBER_NEGZERO at byte 56: negative zero token is not allowed\n,unknown
2026-03-05T05:26:10.304584373Z,json-canon,verify,number-heavy,valid,1,false,2,6969149,0,7291000,8152,145,0,e3b0c44298fc1c149afbf4c8996fb92427ae41e4649b934ca495991b7852b855,error: jcserr: NUMBER_NEGZERO at byte 56: negative zero token is not allowed\n,unknown
2026-03-05T05:26:10.310654338Z,json-canon,verify,number-heavy,valid,2,false,2,6049171,2158000,4317000,8152,145,0,e3b0c44298fc1c149afbf4c8996fb92427ae41e4649b934ca495991b7852b855,error: jcserr: NUMBER_NEGZERO at byte 56: negative zero token is not allowed\n,unknown
2026-03-05T05:26:10.323476402Z,schubfach,canonicalize,small,valid,0,true,0,6389681,944000,5668000,8152,45,42,c78eca79521eb7a0ccbd34f093a27dd724b20c8c7e3f2b74cd3ec213a8b31288,,unknown
2026-03-05T05:26:10.328996475Z,schubfach,canonicalize,small,valid,1,true,0,5506435,0,5680000,8152,45,42,c78eca79521eb7a0ccbd34f093a27dd724b20c8c7e3f2b74cd3ec213a8b31288,,unknown
2026-03-05T05:26:10.332749395Z,schubfach,canonicalize,small,valid,2,true,0,3745653,0,3951000,8152,45,42,c78eca79521eb7a0ccbd34f093a27dd724b20c8c7e3f2b74cd3ec213a8b31288,,unknown
2026-03-05T05:26:10.340461335Z,json-canon,canonicalize,small,valid,0,true,0,3354938,1161000,2322000,8152,45,42,c78eca79521eb7a0ccbd34f093a27dd724b20c8c7e3f2b74cd3ec213a8b31288,,unknown
2026-03-05T05:26:10.343354839Z,json-canon,canonicalize,small,valid,1,true,0,2887169,1496000,1496000,8152,45,42,c78eca79521eb7a0ccbd34f093a27dd724b20c8c7e3f2b74cd3ec213a8b31288,,unknown
2026-03-05T05:26:10.34676957Z,json-canon,canonicalize,small,valid,2,true,0,3408311,2387000,1193000,8152,45,42,c78eca79521eb7a0ccbd34f093a27dd724b20c8c7e3f2b74cd3ec213a8b31288,,unknown
2026-03-05T05:26:10.355940757Z,schubfach,verify,small,valid,0,false,2,5166374,2251000,3377000,8152,45,0,e3b0c44298fc1c149afbf4c8996fb92427ae41e4649b934ca495991b7852b855,error: jcserr: NOT_CANONICAL: input is not canonical\n,noncanonical
2026-03-05T05:26:10.363022843Z,schubfach,verify,small,valid,1,false,2,7065792,1093000,6562000,8152,45,0,e3b0c44298fc1c149afbf4c8996fb92427ae41e4649b934ca495991b7852b855,error: jcserr: NOT_CANONICAL: input is not canonical\n,noncanonical
2026-03-05T05:26:10.368371975Z,schubfach,verify,small,valid,2,false,2,5331410,1150000,4602000,8152,45,0,e3b0c44298fc1c149afbf4c8996fb92427ae41e4649b934ca495991b7852b855,error: jcserr: NOT_CANONICAL: input is not canonical\n,noncanonical
2026-03-05T05:26:10.382645863Z,json-canon,verify,small,valid,0,false,2,8021321,1900000,6650000,8152,45,0,e3b0c44298fc1c149afbf4c8996fb92427ae41e4649b934ca495991b7852b855,error: jcserr: NOT_CANONICAL: input is not canonical\n,noncanonical
2026-03-05T05:26:10.388687647Z,json-canon,verify,small,valid,1,false,2,6022385,1083000,5418000,8152,45,0,e3b0c44298fc1c149afbf4c8996fb92427ae41e4649b934ca495991b7852b855,error: jcserr: NOT_CANONICAL: input is not canonical\n,noncanonical
2026-03-05T05:26:10.396042682Z,json-canon,verify,small,valid,2,false,2,7342717,1933000,5799000,8152,45,0,e3b0c44298fc1c149afbf4c8996fb92427ae41e4649b934ca495991b7852b855,error: jcserr: NOT_CANONICAL: input is not canonical\n,noncanonical
2026-03-05T05:26:10.40765636Z,schubfach,canonicalize,unicode,valid,0,true,0,5517053,975000,4879000,8152,98,96,2447c3101ab38afe7705a309df116f7bc8b15b357ed58184586ad307721d9ed6,,unknown
2026-03-05T05:26:10.413096196Z,schubfach,canonicalize,unicode,valid,1,true,0,5428434,843000,5062000,8152,98,96,2447c3101ab38afe7705a309df116f7bc8b15b357ed58184586ad307721d9ed6,,unknown
2026-03-05T05:26:10.418828785Z,schubfach,canonicalize,unicode,valid,2,true,0,5719668,1003000,5016000,8152,98,96,2447c3101ab38afe7705a309df116f7bc8b15b357ed58184586ad307721d9ed6,,unknown
2026-03-05T05:26:10.431595292Z,json-canon,canonicalize,unicode,valid,0,true,0,6195843,0,6595000,8152,98,96,2447c3101ab38afe7705a309df116f7bc8b15b357ed58184586ad307721d9ed6,,unknown
2026-03-05T05:26:10.438048437Z,json-canon,canonicalize,unicode,valid,1,true,0,6426150,1721000,5165000,8152,98,96,2447c3101ab38afe7705a309df116f7bc8b15b357ed58184586ad307721d9ed6,,unknown
2026-03-05T05:26:10.444879785Z,json-canon,canonicalize,unicode,valid,2,true,0,6816155,0,7124000,8152,98,96,2447c3101ab38afe7705a309df116f7bc8b15b357ed58184586ad307721d9ed6,,unknown
2026-03-05T05:26:10.45701259Z,schubfach,verify,unicode,valid,0,false,2,5719154,0,5970000,8152,98,0,e3b0c44298fc1c149afbf4c8996fb92427ae41e4649b934ca495991b7852b855,error: jcserr: NOT_CANONICAL: input is not canonical\n,noncanonical
2026-03-05T05:26:10.464350355Z,schubfach,verify,unicode,valid,1,false,2,7312232,0,7446000,8152,98,0,e3b0c44298fc1c149afbf4c8996fb92427ae41e4649b934ca495991b7852b855,error: jcserr: NOT_CANONICAL: input is not canonical\n,noncanonical
2026-03-05T05:26:10.470696467Z,schubfach,verify,unicode,valid,2,false,2,6325717,1873000,4683000,8152,98,0,e3b0c44298fc1c149afbf4c8996fb92427ae41e4649b934ca495991b7852b855,error: jcserr: NOT_CANONICAL: input is not canonical\n,noncanonical
2026-03-05T05:26:10.482953363Z,json-canon,verify,unicode,valid,0,false,2,5959034,1837000,4594000,8152,98,0,e3b0c44298fc1c149afbf4c8996fb92427ae41e4649b934ca495991b7852b855,error: jcserr: NOT_CANONICAL: input is not canonical\n,noncanonical
2026-03-05T05:26:10.489626771Z,json-canon,verify,unicode,valid,1,false,2,6656222,1191000,5957000,8152,98,0,e3b0c44298fc1c149afbf4c8996fb92427ae41e4649b934ca495991b7852b855,error: jcserr: NOT_CANONICAL: input is not canonical\n,noncanonical
2026-03-05T05:26:10.496481441Z,json-canon,verify,unicode,valid,2,false,2,6843464,2390000,4780000,8152,98,0,e3b0c44298fc1c149afbf4c8996fb92427ae41e4649b934ca495991b7852b855,error: jcserr: NOT_CANONICAL: input is not canonical\n,noncanonical
